{"ft_circuit_1": {"speed (seconds)": [0.2611579895019531, 0.15367722511291504], "depth (gates)": [84, 84], "memory_footprint (MiB)": [34.0, 34.6], "aggregate": {"depth (gates)": {"mean": 84.0, "median": 84.0, "range": [84.0, 84.0], "variance": 0.0, "standard_deviation": 0.0}, "speed (seconds)": {"mean": 0.20741760730743408, "median": 0.20741760730743408, "range": [0.15367722511291504, 0.2611579895019531], "variance": 0.0028880286784129794, "standard_deviation": 0.05374038219451904}, "memory_footprint (MiB)": {"mean": 34.3, "median": 34.3, "range": [34.0, 34.6], "variance": 0.09000000000000043, "standard_deviation": 0.3000000000000007}}}, "ft_circuit_2": {"speed (seconds)": [0.12481188774108887, 0.1507577896118164], "depth (gates)": [45, 45], "memory_footprint (MiB)": [33.7, 33.7], "aggregate": {"depth (gates)": {"mean": 45.0, "median": 45.0, "range": [45.0, 45.0], "variance": 0.0, "standard_deviation": 0.0}, "speed (seconds)": {"mean": 0.13778483867645264, "median": 0.13778483867645264, "range": [0.12481188774108887, 0.1507577896118164], "variance": 0.0001682974559713557, "standard_deviation": 0.01297295093536377}, "memory_footprint (MiB)": {"mean": 33.7, "median": 33.7, "range": [33.7, 33.7], "variance": 0.0, "standard_deviation": 0.0}}}}