{"EfficientSU2": {"speed (seconds)": [0.5618407726287842, 0.46930789947509766, 0.4645071029663086, 0.4234318733215332, 0.42689085006713867, 0.4287838935852051, 0.43997979164123535, 0.48138904571533203, 0.43205976486206055, 0.4281930923461914], "depth (gates)": [69, 65, 66, 70, 67, 80, 70, 57, 70, 64], "memory_footprint (MiB)": [45.8, 45.5, 44.0, 44.8, 46.3, 45.0, 45.8, 43.7, 43.0, 44.7], "aggregate": {"depth (gates)": {"mean": 67.8, "median": 68.0, "range": [57.0, 80.0], "variance": 30.76000000000001, "standard_deviation": 5.54616984954482}, "speed (seconds)": {"mean": 0.45563840866088867, "median": 0.43601977825164795, "range": [0.4234318733215332, 0.5618407726287842], "variance": 0.0016346784280472093, "standard_deviation": 0.04043115664988091}, "memory_footprint (MiB)": {"mean": 44.86, "median": 44.9, "range": [43.0, 46.3], "variance": 0.9843999999999975, "standard_deviation": 0.9921693403849957}}}}