{"metadata: ": {"compiler": "qiskit", "version": "0.45.0", "optimization_level": 1}, "bv.qasm": {"total_time (seconds)": [1.4631525820000004], "build_time (seconds)": [1.136923166], "transpile_time (seconds)": [0.16311470800000016], "depth (gates)": [21], "memory_footprint (MiB)": [21.8], "aggregate": {"total_time (seconds)": {"mean": 1.4631525820000004, "median": 1.4631525820000004, "range": [1.4631525820000004, 1.4631525820000004], "variance": 0.0, "standard_deviation": 0.0}, "build_time (seconds)": {"mean": 1.136923166, "median": 1.136923166, "range": [1.136923166, 1.136923166], "variance": 0.0, "standard_deviation": 0.0}, "transpile_time (seconds)": {"mean": 0.16311470800000016, "median": 0.16311470800000016, "range": [0.16311470800000016, 0.16311470800000016], "variance": 0.0, "standard_deviation": 0.0}, "depth (gates)": {"mean": 21.0, "median": 21.0, "range": [21.0, 21.0], "variance": 0.0, "standard_deviation": 0.0}, "memory_footprint (MiB)": {"mean": 21.8, "median": 21.8, "range": [21.8, 21.8], "variance": 0.0, "standard_deviation": 0.0}}}}{"metadata: ": {"compiler": "qiskit", "version": "0.45.0", "optimization_level": 1}, "bv.qasm": {"total_time (seconds)": [0.33369683299999986], "build_time (seconds)": [-0.00045116700000003007], "transpile_time (seconds)": [0.16707399999999994], "depth (gates)": [21], "memory_footprint (MiB)": [21.6], "aggregate": {"total_time (seconds)": {"mean": 0.33369683299999986, "median": 0.33369683299999986, "range": [0.33369683299999986, 0.33369683299999986], "variance": 0.0, "standard_deviation": 0.0}, "build_time (seconds)": {"mean": -0.00045116700000003007, "median": -0.00045116700000003007, "range": [-0.00045116700000003007, -0.00045116700000003007], "variance": 0.0, "standard_deviation": 0.0}, "transpile_time (seconds)": {"mean": 0.16707399999999994, "median": 0.16707399999999994, "range": [0.16707399999999994, 0.16707399999999994], "variance": 0.0, "standard_deviation": 0.0}, "depth (gates)": {"mean": 21.0, "median": 21.0, "range": [21.0, 21.0], "variance": 0.0, "standard_deviation": 0.0}, "memory_footprint (MiB)": {"mean": 21.6, "median": 21.6, "range": [21.6, 21.6], "variance": 0.0, "standard_deviation": 0.0}}}}{"metadata: ": {"compiler": "qiskit", "version": "0.45.0", "optimization_level": 1}, "bv.qasm": {"total_time (seconds)": [0.3459829980000002], "build_time (seconds)": [-0.0005048340000000096], "transpile_time (seconds)": [0.1732439160000001], "depth (gates)": [21], "memory_footprint (MiB)": [21.8], "aggregate": {"total_time (seconds)": {"mean": 0.3459829980000002, "median": 0.3459829980000002, "range": [0.3459829980000002, 0.3459829980000002], "variance": 0.0, "standard_deviation": 0.0}, "build_time (seconds)": {"mean": -0.0005048340000000096, "median": -0.0005048340000000096, "range": [-0.0005048340000000096, -0.0005048340000000096], "variance": 0.0, "standard_deviation": 0.0}, "transpile_time (seconds)": {"mean": 0.1732439160000001, "median": 0.1732439160000001, "range": [0.1732439160000001, 0.1732439160000001], "variance": 0.0, "standard_deviation": 0.0}, "depth (gates)": {"mean": 21.0, "median": 21.0, "range": [21.0, 21.0], "variance": 0.0, "standard_deviation": 0.0}, "memory_footprint (MiB)": {"mean": 21.8, "median": 21.8, "range": [21.8, 21.8], "variance": 0.0, "standard_deviation": 0.0}}}}{"metadata: ": {"compiler": "qiskit", "version": "0.45.0", "optimization_level": 1}, "bv.qasm": {"total_time (seconds)": [0.32691841700000035], "build_time (seconds)": [-0.00044833300000002296], "transpile_time (seconds)": [0.1636833750000002], "depth (gates)": [21], "memory_footprint (MiB)": [21.9], "aggregate": {"total_time (seconds)": {"mean": 0.32691841700000035, "median": 0.32691841700000035, "range": [0.32691841700000035, 0.32691841700000035], "variance": 0.0, "standard_deviation": 0.0}, "build_time (seconds)": {"mean": -0.00044833300000002296, "median": -0.00044833300000002296, "range": [-0.00044833300000002296, -0.00044833300000002296], "variance": 0.0, "standard_deviation": 0.0}, "transpile_time (seconds)": {"mean": 0.1636833750000002, "median": 0.1636833750000002, "range": [0.1636833750000002, 0.1636833750000002], "variance": 0.0, "standard_deviation": 0.0}, "depth (gates)": {"mean": 21.0, "median": 21.0, "range": [21.0, 21.0], "variance": 0.0, "standard_deviation": 0.0}, "memory_footprint (MiB)": {"mean": 21.9, "median": 21.9, "range": [21.9, 21.9], "variance": 0.0, "standard_deviation": 0.0}}}}{"metadata: ": {"compiler": "qiskit", "version": "0.45.0", "optimization_level": 1}, "bv.qasm": {"total_time (seconds)": [0.3311860409999996], "build_time (seconds)": [-0.00043162500000004655], "transpile_time (seconds)": [0.16580883299999982], "depth (gates)": [21], "memory_footprint (MiB)": [21.7], "aggregate": {"total_time (seconds)": {"mean": 0.3311860409999996, "median": 0.3311860409999996, "range": [0.3311860409999996, 0.3311860409999996], "variance": 0.0, "standard_deviation": 0.0}, "build_time (seconds)": {"mean": -0.00043162500000004655, "median": -0.00043162500000004655, "range": [-0.00043162500000004655, -0.00043162500000004655], "variance": 0.0, "standard_deviation": 0.0}, "transpile_time (seconds)": {"mean": 0.16580883299999982, "median": 0.16580883299999982, "range": [0.16580883299999982, 0.16580883299999982], "variance": 0.0, "standard_deviation": 0.0}, "depth (gates)": {"mean": 21.0, "median": 21.0, "range": [21.0, 21.0], "variance": 0.0, "standard_deviation": 0.0}, "memory_footprint (MiB)": {"mean": 21.7, "median": 21.7, "range": [21.7, 21.7], "variance": 0.0, "standard_deviation": 0.0}}}}{"metadata: ": {"compiler": "qiskit", "version": "0.45.0", "optimization_level": 1}, "bv.qasm": {"total_time (seconds)": [0.3354184170000001], "build_time (seconds)": [-0.0004719170000000439], "transpile_time (seconds)": [0.16794516700000006], "depth (gates)": [21], "memory_footprint (MiB)": [21.6], "aggregate": {"total_time (seconds)": {"mean": 0.3354184170000001, "median": 0.3354184170000001, "range": [0.3354184170000001, 0.3354184170000001], "variance": 0.0, "standard_deviation": 0.0}, "build_time (seconds)": {"mean": -0.0004719170000000439, "median": -0.0004719170000000439, "range": [-0.0004719170000000439, -0.0004719170000000439], "variance": 0.0, "standard_deviation": 0.0}, "transpile_time (seconds)": {"mean": 0.16794516700000006, "median": 0.16794516700000006, "range": [0.16794516700000006, 0.16794516700000006], "variance": 0.0, "standard_deviation": 0.0}, "depth (gates)": {"mean": 21.0, "median": 21.0, "range": [21.0, 21.0], "variance": 0.0, "standard_deviation": 0.0}, "memory_footprint (MiB)": {"mean": 21.6, "median": 21.6, "range": [21.6, 21.6], "variance": 0.0, "standard_deviation": 0.0}}}}{"metadata: ": {"compiler": "pytket", "version": "1", "optimization_level": 1}, "bv.qasm": {"total_time (seconds)": [0.30197275000000046], "build_time (seconds)": [-0.004856999999999889], "transpile_time (seconds)": [0.15341487500000017], "depth (gates)": [30], "memory_footprint (MiB)": [2.7], "aggregate": {"total_time (seconds)": {"mean": 0.30197275000000046, "median": 0.30197275000000046, "range": [0.30197275000000046, 0.30197275000000046], "variance": 0.0, "standard_deviation": 0.0}, "build_time (seconds)": {"mean": -0.004856999999999889, "median": -0.004856999999999889, "range": [-0.004856999999999889, -0.004856999999999889], "variance": 0.0, "standard_deviation": 0.0}, "transpile_time (seconds)": {"mean": 0.15341487500000017, "median": 0.15341487500000017, "range": [0.15341487500000017, 0.15341487500000017], "variance": 0.0, "standard_deviation": 0.0}, "depth (gates)": {"mean": 30.0, "median": 30.0, "range": [30.0, 30.0], "variance": 0.0, "standard_deviation": 0.0}, "memory_footprint (MiB)": {"mean": 2.7, "median": 2.7, "range": [2.7, 2.7], "variance": 0.0, "standard_deviation": 0.0}}}}{"metadata: ": {"compiler": "pytket", "version": "1", "optimization_level": 1}, "bv.qasm": {"total_time (seconds)": [0.28370383300000035], "build_time (seconds)": [-0.004746417000000003],