{"metadata: ": {"compiler": "qiskit", "version": "0.45.0", "optimization_level": 1}, "bv.qasm": {"total_time (seconds)": [1.4631525820000004], "build_time (seconds)": [1.136923166], "transpile_time (seconds)": [0.16311470800000016], "depth (gates)": [21], "memory_footprint (MiB)": [21.8], "aggregate": {"total_time (seconds)": {"mean": 1.4631525820000004, "median": 1.4631525820000004, "range": [1.4631525820000004, 1.4631525820000004], "variance": 0.0, "standard_deviation": 0.0}, "build_time (seconds)": {"mean": 1.136923166, "median": 1.136923166, "range": [1.136923166, 1.136923166], "variance": 0.0, "standard_deviation": 0.0}, "transpile_time (seconds)": {"mean": 0.16311470800000016, "median": 0.16311470800000016, "range": [0.16311470800000016, 0.16311470800000016], "variance": 0.0, "standard_deviation": 0.0}, "depth (gates)": {"mean": 21.0, "median": 21.0, "range": [21.0, 21.0], "variance": 0.0, "standard_deviation": 0.0}, "memory_footprint (MiB)": {"mean": 21.8, "median": 21.8, "range": [21.8, 21.8], "variance": 0.0, "standard_deviation": 0.0}}}}{"metadata: ": {"compiler": "qiskit", "version": "0.45.0", "optimization_level": 1}, "bv.qasm": {"total_time (seconds)": [0.33369683299999986], "build_time (seconds)": [-0.00045116700000003007], "transpile_time (seconds)": [0.16707399999999994], "depth (gates)": [21], "memory_footprint (MiB)": [21.6], "aggregate": {"total_time (seconds)": {"mean": 0.33369683299999986, "median": 0.33369683299999986, "range": [0.33369683299999986, 0.33369683299999986], "variance": 0.0, "standard_deviation": 0.0}, "build_time (seconds)": {"mean": -0.00045116700000003007, "median": -0.00045116700000003007, "range": [-0.00045116700000003007, -0.00045116700000003007], "variance": 0.0, "standard_deviation": 0.0}, "transpile_time (seconds)": {"mean": 0.16707399999999994, "median": 0.16707399999999994, "range": [0.16707399999999994, 0.16707399999999994], "variance": 0.0, "standard_deviation": 0.0}, "depth (gates)": {"mean": 21.0, "median": 21.0, "range": [21.0, 21.0], "variance": 0.0, "standard_deviation": 0.0}, "memory_footprint (MiB)": {"mean": 21.6, "median": 21.6, "range": [21.6, 21.6], "variance": 0.0, "standard_deviation": 0.0}}}}