{"EfficientSU2": {"total_time (seconds)": [6.863659293000005], "build_time (seconds)": [0.030944374999999802], "bind_time (seconds)": [0.03913158400000061], "transpile_time (seconds)": [3.3967916670000022], "depth (gates)": [94], "memory_footprint (MiB)": [48.7], "aggregate": {"depth (gates)": {"mean": 94.0, "median": 94.0, "range": [94.0, 94.0], "variance": 0.0, "standard_deviation": 0.0}, "total_time (seconds)": {"mean": 6.863659293000005, "median": 6.863659293000005, "range": [6.863659293000005, 6.863659293000005], "variance": 0.0, "standard_deviation": 0.0}, "build_time (seconds)": {"mean": 0.030944374999999802, "median": 0.030944374999999802, "range": [0.030944374999999802, 0.030944374999999802], "variance": 0.0, "standard_deviation": 0.0}, "bind_time (seconds)": {"mean": 0.03913158400000061, "median": 0.03913158400000061, "range": [0.03913158400000061, 0.03913158400000061], "variance": 0.0, "standard_deviation": 0.0}, "transpile_time (seconds)": {"mean": 3.3967916670000022, "median": 3.3967916670000022, "range": [3.3967916670000022, 3.3967916670000022], "variance": 0.0, "standard_deviation": 0.0}, "memory_footprint (MiB)": {"mean": 48.7, "median": 48.7, "range": [48.7, 48.7], "variance": 0.0, "standard_deviation": 0.0}}}}

{"EfficientSU2": {"total_time (seconds)": [3.123293792000002], "build_time (seconds)": [0.03100075000000002], "bind_time (seconds)": [0.0409017920000001], "transpile_time (seconds)": [1.5256956250000009], "depth (gates)": [90], "memory_footprint (MiB)": [48.7], "aggregate": {"depth (gates)": {"mean": 90.0, "median": 90.0, "range": [90.0, 90.0], "variance": 0.0, "standard_deviation": 0.0}, "total_time (seconds)": {"mean": 3.123293792000002, "median": 3.123293792000002, "range": [3.123293792000002, 3.123293792000002], "variance": 0.0, "standard_deviation": 0.0}, "build_time (seconds)": {"mean": 0.03100075000000002, "median": 0.03100075000000002, "range": [0.03100075000000002, 0.03100075000000002], "variance": 0.0, "standard_deviation": 0.0}, "bind_time (seconds)": {"mean": 0.0409017920000001, "median": 0.0409017920000001, "range": [0.0409017920000001, 0.0409017920000001], "variance": 0.0, "standard_deviation": 0.0}, "transpile_time (seconds)": {"mean": 1.5256956250000009, "median": 1.5256956250000009, "range": [1.5256956250000009, 1.5256956250000009], "variance": 0.0, "standard_deviation": 0.0}, "memory_footprint (MiB)": {"mean": 48.7, "median": 48.7, "range": [48.7, 48.7], "variance": 0.0, "standard_deviation": 0.0}}}}

{"EfficientSU2": {"total_time (seconds)": [0.9759702490000022], "build_time (seconds)": [0.031356000000000606], "bind_time (seconds)": [0.039285167000000065], "transpile_time (seconds)": [0.45266454100000075], "depth (gates)": [83], "memory_footprint (MiB)": [48.7], "aggregate": {"depth (gates)": {"mean": 83.0, "median": 83.0, "range": [83.0, 83.0], "variance": 0.0, "standard_deviation": 0.0}, "total_time (seconds)": {"mean": 0.9759702490000022, "median": 0.9759702490000022, "range": [0.9759702490000022, 0.9759702490000022], "variance": 0.0, "standard_deviation": 0.0}, "build_time (seconds)": {"mean": 0.031356000000000606, "median": 0.031356000000000606, "range": [0.031356000000000606, 0.031356000000000606], "variance": 0.0, "standard_deviation": 0.0}, "bind_time (seconds)": {"mean": 0.039285167000000065, "median": 0.039285167000000065, "range": [0.039285167000000065, 0.039285167000000065], "variance": 0.0, "standard_deviation": 0.0}, "transpile_time (seconds)": {"mean": 0.45266454100000075, "median": 0.45266454100000075, "range": [0.45266454100000075, 0.45266454100000075], "variance": 0.0, "standard_deviation": 0.0}, "memory_footprint (MiB)": {"mean": 48.7, "median": 48.7, "range": [48.7, 48.7], "variance": 0.0, "standard_deviation": 0.0}}}}{"EfficientSU2": {"total_time (seconds)": [1.0564467490000007], "build_time (seconds)": [0.04090879199999997], "bind_time (seconds)": [0.009683791000000053], "transpile_time (seconds)": [0.5029270830000003], "depth (gates)": [79], "memory_footprint (MiB)": [48.7], "aggregate": {"depth (gates)": {"mean": 79.0, "median": 79.0, "range": [79.0, 79.0], "variance": 0.0, "standard_deviation": 0.0}, "total_time (seconds)": {"mean": 1.0564467490000007, "median": 1.0564467490000007, "range": [1.0564467490000007, 1.0564467490000007], "variance": 0.0, "standard_deviation": 0.0}, "build_time (seconds)": {"mean": 0.04090879199999997, "median": 0.04090879199999997, "range": [0.04090879199999997, 0.04090879199999997], "variance": 0.0, "standard_deviation": 0.0}, "bind_time (seconds)": {"mean": 0.009683791000000053, "median": 0.009683791000000053, "range": [0.009683791000000053, 0.009683791000000053], "variance": 0.0, "standard_deviation": 0.0}, "transpile_time (seconds)": {"mean": 0.5029270830000003, "median": 0.5029270830000003, "range": [0.5029270830000003, 0.5029270830000003], "variance": 0.0, "standard_deviation": 0.0}, "memory_footprint (MiB)": {"mean": 48.7, "median": 48.7, "range": [48.7, 48.7], "variance": 0.0, "standard_deviation": 0.0}}}}{"EfficientSU2": {"total_time (seconds)": [6.691494584000009], "build_time (seconds)": [0.030290541999999976], "bind_time (seconds)": [0.03879104200000005], "transpile_time (seconds)": [3.3112065000000044], "depth (gates)": [90], "memory_footprint (MiB)": [48.7], "version": "0.39.0", "aggregate": {"depth (gates)": {"mean": 90.0, "median": 90.0, "range": [90.0, 90.0], "variance": 0.0, "standard_deviation": 0.0}, "total_time (seconds)": {"mean": 6.691494584000009, "median": 6.691494584000009, "range": [6.691494584000009, 6.691494584000009], "variance": 0.0, "standard_deviation": 0.0}, "build_time (seconds)": {"mean": 0.030290541999999976, "median": 0.030290541999999976, "range": [0.030290541999999976, 0.030290541999999976], "variance": 0.0, "standard_deviation": 0.0}, "bind_time (seconds)": {"mean": 0.03879104200000005, "median": 0.03879104200000005, "range": [0.03879104200000005, 0.03879104200000005], "variance": 0.0, "standard_deviation": 0.0}, "transpile_time (seconds)": {"mean": 3.3112065000000044, "median": 3.3112065000000044, "range": [3.3112065000000044, 3.3112065000000044], "variance": 0.0, "standard_deviation": 0.0}, "memory_footprint (MiB)": {"mean": 48.7, "median": 48.7, "range": [48.7, 48.7], "variance": 0.0, "standard_deviation": 0.0}}}}{"EfficientSU2": {"total_time (seconds)": [3.051312042000004], "build_time (seconds)": [0.04967158300000002], "bind_time (seconds)": [0.04049912499999997], "transpile_time (seconds)": [1.480570667000002], "depth (gates)": [81], "memory_footprint (MiB)": [48.7], "version": "0.41.0", "aggregate": {"depth (gates)": {"mean": 81.0, "median": 81.0, "range": [81.0, 81.0], "variance": 0.0, "standard_deviation": 0.0}, "total_time (seconds)": {"mean": 3.051312042000004, "median": 3.051312042000004, "range": [3.051312042000004, 3.051312042000004], "variance": 0.0, "standard_deviation": 0.0}, "build_time (seconds)": {"mean": 0.04967158300000002, "median": 0.04967158300000002, "range": [0.04967158300000002, 0.04967158300000002], "variance": 0.0, "standard_deviation": 0.0}, "bind_time (seconds)": {"mean": 0.04049912499999997, "median": 0.04049912499999997, "range": [0.04049912499999997, 0.04049912499999997], "variance": 0.0, "standard_deviation": 0.0}, "transpile_time (seconds)": {"mean": 1.480570667000002, "median": 1.480570667000002, "range": [1.480570667000002, 1.480570667000002], "variance": 0.0, "standard_deviation": 0.0}, "memory_footprint (MiB)": {"mean": 48.7, "median": 48.7, "range": [48.7, 48.7], "variance": 0.0, "standard_deviation": 0.0}}}}{"EfficientSU2": {"total_time (seconds)": [1.0225859579999992], "build_time (seconds)": [0.05139112500000009], "bind_time (seconds)": [0.057555582999999966], "transpile_time (seconds)": [0.4568196249999996], "depth (gates)": [96], "memory_footprint (MiB)": [48.7], "version": "0.43.0", "aggregate": {"depth (gates)": {"mean": 96.0, "median": 96.0, "range": [96.0, 96.0], "variance": 0.0, "standard_deviation": 0.0}, "total_time (seconds)": {"mean": 1.0225859579999992,