{"metadata: ": {"compiler": "pytket", "version": "0.46.0", "optimization_level": 2}, "bv.qasm": {"total_time (seconds)": [0.26383566599999986, 0.2724068340000003], "build_time (seconds)": [-0.039298000000000055], "transpile_time (seconds)": [0.15156683299999996, 0.1558524170000002], "depth (gates)": [30, 30], "memory_footprint (MiB)": [2.8, 2.8], "aggregate": {"total_time (seconds)": {"mean": 0.2681212500000001, "median": 0.2681212500000001, "range": [0.26383566599999986, 0.2724068340000003], "variance": 1.836623022105798e-05, "standard_deviation": 0.004285584000000231}, "build_time (seconds)": {"mean": -0.039298000000000055, "median": -0.039298000000000055, "range": [-0.039298000000000055, -0.039298000000000055], "variance": 0.0, "standard_deviation": 0.0}, "transpile_time (seconds)": {"mean": 0.15370962500000007, "median": 0.15370962500000007, "range": [0.15156683299999996, 0.1558524170000002], "variance": 4.591557555264495e-06, "standard_deviation": 0.0021427920000001155}, "depth (gates)": {"mean": 30.0, "median": 30.0, "range": [30.0, 30.0], "variance": 0.0, "standard_deviation": 0.0}, "memory_footprint (MiB)": {"mean": 2.8, "median": 2.8, "range": [2.8, 2.8], "variance": 0.0, "standard_deviation": 0.0}}}}